"address";"change";"comment"
"---";"---";"option screen"
"67BC28";"00009543";"dpad icon x position"
"67BC50";"0000c043";"circle button x position"
"67BC98";"00007042";"select width"
"67BCA0";"0000a143";"select x position"
"67BCA4";"0000b143";"select y position"
"67BCC0";"00009042";"confirm width"
"67BCC8";"0000cc43";"confirm x position"
"67BCCC";"0000b143";"confirm y position"
"67BCE8";"00007042";"return width"
"67BCF4";"0000b143";"return y position"
"67BD08";"00007042";"return"
"67BD10";"00009542";"cancel"
"67BD18";"00009042";"cancel"
"---";"---";"rules screen"
"67C020";"00009943";"double yakuman x position"
"67C048";"00009943";"uradora x position"
"67C070";"00009943";"kandora x position"
"67C098";"00009943";"kanura x position"
"---";"---";"gallery screen"
"116258";"e4ffeec5";"select width"
"11629C";"5c0beec5";"confirm width"
"1165B4";"9543013c";"dpad icon x position"
"1165E0";"a143013c";"select x position"
"1165FC";"c043013c";"circle button x position"
"116618";"cc43013c";"confirm x position"
"116650";"ee43013c";"cancel x position"
"---";"---";"gallery activities screen"
"117A4C";"9543013c";""
"117A68";"a143013c";""
"117A84";"c043013c";""
"117AA0";"cc43013c";""
"117AD8";"ee43013c";""
"117994";"e4ffeec5";"select width"
"1179D8";"5c0beec5";"confirm width"
"---";"---";"gallery bonus pics screen"
"00116F98";"9543013c";""
"00116FC8";"a143013c";""
"00116FE4";"c043013c";""
"00117000";"cc43013c";""
"00117038";"ee43013c";""
"00116EF4";"e4ffeec5";""
"00116F38";"5c0beec5";""
"---";"---";"gallery photo screen"
"00119DF4";"0c00ecc5";"dpad icon x position"
"00119E0C";"eb42013c";"select x position"
"00119BE8";"e4ffeec5";"select width"
"00119E28";"3543013c";"circle button x position"
"00119E44";"4b43013c";"confirm x position"
"00119C34";"5c0beec5";"confirm width"
"00119E60";"8b43013c";"square button x position"
"00119C74";"5c0becc5";"delete width"
"00119E7C";"9543013c";"delete x position"
"00119E98";"b643013c";"l1 x position"
"00119EB4";"c343013c";"r1 x position"
"00119CE0";"5c0becc5";"page width"
"00119ED0";"ce43013c";"page x position"
"00119F08";"ee43013c";"cancel x position"
"67A530";"00006843";"clear garbage from empty photos"
"67A540";"00000040";"pushups texture x offset"
"67A550";"00000443";"situps texture x offset"
"67A558";"00001042";"situps width"
"67A560";"00000040";"high knees texture x offset"
"67A568";"00006042";"high knees width"
"67A570";"0000ba43";"squats texture x offset"
"67A580";"00005442";"stretches texture x offset"
"67A590";"00004043";"jumps texture x offset"
"67A5A0";"00008042";"handstand texture x offset"
"67A5A8";"00006042";"hanstand width"
"67A5B0";"00003443";"backbend texture x offset"
"67A5C0";"00007042";"backflip texture x offset"
"67A5D0";"00000040";"gymnastics texture x offset"
"67A5D8";"00007042";"gymnastics width"
"---";"---";"costume/stage select"
"67B808";"00009543";"dpad icon x position"
"67B830";"0000c043";"citcle button x position"
"67B878";"00007042";"select width"
"67B880";"0000a143";"select x position"
"67B884";"0000b143";"select y position"
"67B8A0";"00009042";"confirm width"
"67B8A8";"0000cc43";"confirm x postion"
"67B8AC";"0000b143";"confirm y position"
"67B8C8";"00007042";"return width"
"67B8D4";"0000b143";"return y position"
"---";"---";"challenge mode screen"
"0011D2F8";"ba42013c";"challenge mode width"
"---";"---";"round wind number"
"68A740";"00003043";"east width"
"68A7E0";"00000000";"remove Ryuukyoku"
"68A7E4";"00000000";"remove Ryuukyoku"
"68A820";"00002843";"wind x position"
"68A824";"00001842";"wind y position"
"68A830";"0000b043";"number x position"
"68A760";"00003043";"south texture x offset"
"68A768";"00005043";"south width"
"---";"---";"item selection"
"69ADA8";"00009543";"Hyper Loader? x position"
"69AE80";"00006c43";"Activate x pos for hyper"
"69ADD0";"00009543";"Super Loader? x position"
"69AE90";"00006c43";"activate x pos for super"
"69ADF8";"00009b43";"Loader? x position"
"69AEA0";"00007943";"Activate x for loader"
"69AE18";"0000a042";"Tile Swap? width"
"69AE20";"00009a43";"Tile Swap? x position"
"69AEB0";"00007843";"Activate x pos for tile swap"
"69AED8";"0000f042";"Yes texture x offset"
"69AEDC";"00009042";"Yes texture y offset"
"69AE40";"0000b042";"Ron is Gone? width"
"69AE48";"00009643";"Ron is Gone? x pos"
"69AEC0";"00006e43";"Activate x pos for ron is gone"
"---";"---";"game sprites"
"69CFB8";"00000042";"Futaba Riho x pos"
"69CC98";"0000f6c2";"Futaba Riho off-screen x pos"
"---";"---";"mahjong menu"
"69C264";"00004a43";"are you sure? y pos"
"69BFD4";"00004442";"return to title height"
"---";"---";"mahjong decision window"
"69A000";"0000fc43";"cancel x pos"
"69A010";"0000f443";"opt 1 x pos"
"69A020";"0000f443";"opt 2 x pos"
"69A030";"0000f443";"opt 3 x pos"
"69A040";"0000f443";"opt 4 x pos"
"69A050";"0000f443";"opt 5 x pos"
"69A060";"0000f443";"opt 6 x pos"
"699EF4";"0000ea42";"fix ron"
"699ED0";"00007042";"fix tsumo"
"699EC8";"00005242";"fix tsumo"
"---";"---";"gallery batsu game"
"001187EC";"862b0046";"move width"
"0011881C";"1443013c";"direction texture offset"
"00118830";"86f30046";"direction width"
"0011882C";"0828edc5";"direction"
"00118870";"862b0046";"return width"
"001188B0";"867b0046";"show controls width"
"001188EC";"00000000";"hide controls width"
"---";"---";"game batsu game"
"0012BB40";"06d30046";"photo texture x offset"
"0012BB48";"86ab0046";"photo width"
"0012BC58";"862b0046";"move width"
"0012BC98";"06db0046";"direction"
"0012BCAC";"0828edc5";"direction"
"0012BCB0";"86cb0046";"direction width"
"0012BCF8";"862b0046";"return width"
"0012BD3C";"867b0046";"show controls width"
"0012BD5C";"867b0046";"hide controls width"
"0012BDE8";"864b0046";"No. width"
"0012BDF0";"c6a30046";"No. height"
"---";"---";"shop screen"
"69DCA0";"00004843";"dpad x pos"
"69DCC0";"00007042";"select width"
"69DCC8";"00006043";"select x pos"
"69DCCC";"0000bf43";"select y pos"
"69DD1C";"0000bf43";"buy y pos"
"69DD60";"00007042";"return width"
"69DD6C";"0000bf43";"return y pos"

